questionId,place,no,category,text,weight,required,isActive
Q001,館外,1,Q,外壁/外灯/花壇/お客様動線などに破損箇所はないか,1,TRUE,TRUE
Q002,館外,2,C,外観/店舗周辺/お客様の動線に汚れ（ゴミ･落ち葉･蜘蛛の巣)･雑草はないか,1,TRUE,TRUE
Q003,館外,3,Q,のぼり旗や土台に破損や劣化はないか土台が放置されていないか,1,TRUE,TRUE
Q004,館外,4,C,のぼり旗や土台に汚れはないか,1,TRUE,TRUE
Q005,館外,5,Q,駐車場/駐輪場にゴミ･雑草はないか,1,TRUE,TRUE
Q006,館外,6,Q,入り口前・店舗裏などお客様の目に付く場所に不要物･ゴミが放置されていないか,1,TRUE,TRUE
Q007,館外,7,Q,洗濯物を会員様の見えるところ、動線に干していないか,1,TRUE,TRUE
Q008,館外,8,Q,館外掲示物（ブラックボードやたおれんくん）は整理整頓され、破れ等はないか、期限は切れいていないか,1,TRUE,TRUE
Q009,館外,9,C,館外掲示物（ブラックボードやたおれんくん）の表面やイーゼルに埃や蜘蛛の巣などの汚れはないか,1,TRUE,TRUE
Q010,エントランス,1,C,扉の手垢、ドア枠や自動ドアレールに埃やゴミはないか,1,TRUE,TRUE
Q011,エントランス,2,C,土間/風除室の四隅に埃や蜘蛛の巣が溜まっていないか,1,TRUE,TRUE
Q012,エントランス,3,C,玄関マットが汚れて色が変わっていないか、砂が溜まっていないか,1,TRUE,TRUE
Q013,エントランス,4,C,かさ立てのトレイや骨組みに汚れはないか,1,TRUE,TRUE
Q014,エントランス,5,Q,かさ立てに必要以上の傘が溜まっていないか（雨天時を除く）,1,TRUE,TRUE
Q015,エントランス,6,Q,ゲート/カード端末/APPビーコン/二次元コードに劣化はないか,1,TRUE,TRUE
Q016,エントランス,7,C,入口ゲート･カード端末･インターホン･SECOMセンサーに汚れはないか,1,TRUE,TRUE
Q017,エントランス,8,C,天吊りモニター裏表に汚れや埃が溜まっていないか,1,TRUE,TRUE
Q018,エントランス,9,Q,下足ロッカーの鍵が壊れていないか、スムーズに開くか,1,TRUE,TRUE
Q019,エントランス,10,C,下足ロッカーの上部や取っ手部分に埃、トレイに砂利が溜まっていないか,1,TRUE,TRUE
Q020,エントランス,11,Q,キオスク端末が正常に稼動しているか、掲載内容に誤りや期限切れがないか（誤字脱字も含む）,1,TRUE,TRUE
Q021,エントランス,12,C,キオスク端末の画面は指紋等で汚れていないか、端末裏は埃や落ち葉で汚れていないか,1,TRUE,TRUE
Q022,エントランス,13,Q,下足入れに破損はないか,1,TRUE,TRUE
Q023,エントランス,14,C,下足入れに埃や砂利が溜まっていないか,1,TRUE,TRUE
Q024,フロント,1,Q,カウンターに不要物が置かれていないか,1,TRUE,TRUE
Q025,フロント,2,Q,レジの鍵が付いたまま、ドロアーが開いたままになっていないか,1,TRUE,TRUE
Q026,フロント,3,Q,カシオPＣに目隠しシートが貼られているか,1,TRUE,TRUE
Q027,フロント,4,Q,フロント内が整理整頓され、TOPSが取り入れられているか,1,TRUE,TRUE
Q028,フロント,5,C,サインの表面や上部、段差等に汚れや埃が溜まっていないか,1,TRUE,TRUE
Q029,フロント,6,C,入会･受付ブースの机やイスに汚れはないか、イスの脚等に埃が溜まっていないか,1,TRUE,TRUE
Q030,フロント,7,C,メガネケース内側や底に埃が溜まっていないか、メガネに手垢が付いていないか,1,TRUE,TRUE
Q031,ジムエリア,1,C,有酸素マシンの肌が触れる部分、足元･骨組み、マシン下、ドリンクホルダーに汚れ（汗など）や埃はないか,1,TRUE,TRUE
Q032,ジムエリア,2,C,ストレングスマシンの肌が触れる部分、足元･骨組み、マシン下、ドリンクホルダーに汚れ（汗など）や埃はないか,1,TRUE,TRUE
Q033,ジムエリア,3,C,マシン前のテレビの表面･裏側･配線･リモコンなどに汚れや埃が溜まっていないか,1,TRUE,TRUE
Q034,ジムエリア,4,C,ゼンプロの肌の触れる部分、足元の骨組み、マシン下、ドリンクホルダーに汚れ/埃がないか,1,TRUE,TRUE
Q035,ジムエリア,5,Q,マシン拭きタオルに毛羽立ちや磨耗等がないか、ジムワイプは補充されているか,1,TRUE,TRUE
Q036,ジムエリア,6,Q,マシンに劣化や破損はないか、マシンシートなどに亀裂や破れはないか,1,TRUE,TRUE
Q037,ジムエリア,7,Q,調整中マシンには規定POPで復旧予定、または調整対応日が記載されているか,1,TRUE,TRUE
Q038,ジムエリア,8,Q,温湿度計は最低1箇所に設置してあるか,1,TRUE,TRUE
Q039,ジムエリア,9,Q,室温は22～26℃以内に保たれているか（室温の目安は有酸素エリア 22～24℃､レジスタンス･ＦＷ 26℃前後､ストレッチエリア 26℃前後 / 湿度の目安は40～60％）,1,TRUE,TRUE
Q040,ジムエリア,10,Q,蛍光灯/照明は切れていないか、間引きは適正か,1,TRUE,TRUE
Q041,ジムエリア,11,C,蛍光灯/照明に埃や虫の死骸がないか,1,TRUE,TRUE
Q042,ジムエリア,12,C,エアコンの羽･フィルター、換気扇等に埃は溜まっていないか,1,TRUE,TRUE
Q043,ジムエリア,13,Q,エリア全体に不快な臭いではないか,1,TRUE,TRUE
Q044,ジムエリア,14,Q,清掃用具はフックで吊るしてあるか,1,TRUE,TRUE
Q045,ジムエリア,15,Q,ストレッチマシンに劣化や破損はないか、マシンシートなどに亀裂や破れはないか,1,TRUE,TRUE
Q046,ジムエリア,16,C,ストレッチマシン（ゆらぎ）の肌が触れる部分、足元･骨組み、マシン下、ドリンクホルダーに汚れ（汗など）や埃はないか,1,TRUE,TRUE
Q047,ジムエリア,17,Q,お客様が使用する備品が床に直置きされていないか（マシンパットや予備のジムコールなど）,1,TRUE,TRUE
Q048,ジムエリア,18,C,ヴァーチャルバイクの肌の触れる部分、足元の骨組み、マシン下、ドリンクホルダーに汚れ（汗など）や埃はないか,1,TRUE,TRUE
Q049,ジムエリア,19,Q,ヴァーチャルバイクに劣化や破損はないか、シートなどに亀裂や破れはないか,1,TRUE,TRUE
Q050,ジムエリア,20,Q,ヴァーチャルバイク モニターはしっかり映っているか,1,TRUE,TRUE
Q051,レディースエリア,1,C,有酸素マシンの肌が触れる部分、足元･骨組み、マシン下、ドリンクホルダーに埃や汚れはないか,1,TRUE,TRUE
Q052,レディースエリア,2,C,ストレングスマシンの肌が触れる部分、足元･骨組み、マシン下、ドリンクホルダーに埃や汚れはないか,1,TRUE,TRUE
Q053,レディースエリア,3,Q,マシンに劣化や破損はないか、マシンシートなどに亀裂や破れはないか,1,TRUE,TRUE
Q054,レディースエリア,4,C,エアコンの羽･フィルター、換気扇等に埃は溜まっていないか,1,TRUE,TRUE
Q055,レディースエリア,5,C,ストレッチエリアの床/壁の境目、四隅に汚れや埃はないか,1,TRUE,TRUE
Q056,レディースエリア,6,Q,ストレッチマット、バランスボール等のツールに穴や劣化や破損はないか、整理整頓されているか,1,TRUE,TRUE
Q057,レディースエリア,7,C,ストレッチマット、バランスボールなどのツールに汚れや埃がはないか,1,TRUE,TRUE
Q058,レディースエリア,8,C,鏡の段差に埃、鏡表面に手垢等の汚れがないか,1,TRUE,TRUE
Q059,レディースエリア,9,Q,ストレッチDVDは最新のDVDが映っているか、音が出ているか,1,TRUE,TRUE
Q060,レディースエリア,10,C,テレビ表面･裏側･上部･DVDデッキ･段差に汚れや埃はないか,1,TRUE,TRUE
Q061,ストレッチ/ファンクショナルエリア,1,C,床と壁の境目、四隅に汚れや埃はないか,1,TRUE,TRUE
Q062,ストレッチ/ファンクショナルエリア,2,Q,ストレッチマット、バランスボール等のツールに穴や劣化や破損はないか、整理整頓されているか,1,TRUE,TRUE
Q063,ストレッチ/ファンクショナルエリア,3,C,ストレッチマット、バランスボールなどのツールに汚れや埃がはないか,1,TRUE,TRUE
Q064,ストレッチ/ファンクショナルエリア,4,C,鏡の段差に埃、鏡表面に手垢等の汚れがないか,1,TRUE,TRUE
Q065,ストレッチ/ファンクショナルエリア,5,Q,ストレッチDVDは最新のDVDが映っているか、音が出ているか,1,TRUE,TRUE
Q066,ストレッチ/ファンクショナルエリア,6,C,テレビ表面･裏側･上部･DVDデッキ･段差に汚れや埃はないか,1,TRUE,TRUE
Q067,FW,1,Q,鏡は割れ等の破損はないか,1,TRUE,TRUE
Q068,FW,2,C,鏡の段差に埃、鏡表面に手垢等の汚れがないか,1,TRUE,TRUE
Q069,FW,3,Q,床（ラバーマット）や壁に劣化や破損はないか,1,TRUE,TRUE
Q070,FW,4,C,床と壁の境目や四隅に埃はないか、汗染み等の汚れがないか,1,TRUE,TRUE
Q071,FW,5,C,マシンやラック上部、裏側、足元等に汚れや埃はないか,1,TRUE,TRUE
Q072,FW,6,Q,マシンや腹筋台等のパットに亀裂や破れがないか,1,TRUE,TRUE
Q073,FW,7,Q,ツール（ベルト、カラー、バーベルパット、ダンベル等）に劣化や破損はないか、整理整頓されているか,1,TRUE,TRUE
Q074,FW,8,C,ツール（ベルト、カラー、バーベルパット、ダンベルラック等）に汚れや埃はないか,1,TRUE,TRUE
Q075,スタジオ,1,C,扉の手垢、ドア枠や段差に埃やゴミが溜まっていないか,1,TRUE,TRUE
Q076,スタジオ,2,Q,スタジオ床や壁に早急に対応するべき破損はないか,1,TRUE,TRUE
Q077,スタジオ,3,C,床と壁の境目や四隅等に埃や汗染み、ゴム汚れがないか,1,TRUE,TRUE
Q078,スタジオ,4,C,鏡の段差に埃、鏡表面に手垢等の汚れがないか,1,TRUE,TRUE
Q079,スタジオ,5,Q,ストレッチマット、ラック、ステップ台等のツールに破損はないか,1,TRUE,TRUE
Q080,スタジオ,6,C,音響設備、ラック、ステップ台下等に汚れや埃が溜まっていないか,1,TRUE,TRUE
Q081,スタジオ,7,Q,ステップ台の積み上げは腰の高さまでに収まっているか,1,TRUE,TRUE
Q082,スタジオ,8,Q,清掃用具はフックで吊るしてあるか（もしくは倉庫内に片付けられているか）,1,TRUE,TRUE
Q083,スタジオ,9,Q,蛍光灯/照明は切れていないか、間引きは適正か,1,TRUE,TRUE
Q084,スタジオ,10,C,蛍光灯/照明内に埃や汚れ、虫の死骸がないか,1,TRUE,TRUE
Q085,スタジオ,11,C,エアコンの羽･フィルター、換気扇等に埃は溜まっていないか,1,TRUE,TRUE
Q086,スタジオ,12,Q,備品倉庫は整理整頓され、TOPＳが取り入れられているか,1,TRUE,TRUE
Q087,スタジオ,13,Q,温湿度計が設置されているか,1,TRUE,TRUE
Q088,HOTスタジオ,1,C,扉の手垢、ドア枠や段差に埃やゴミが溜まっていないか,1,TRUE,TRUE
Q089,HOTスタジオ,2,Q,スタジオ床や壁に早急に対応するべき破損はないか,1,TRUE,TRUE
Q090,HOTスタジオ,3,C,床と壁の境目や四隅等に埃や汗染み、ゴム汚れがないか,1,TRUE,TRUE
Q091,HOTスタジオ,4,C,鏡の段差に埃、鏡表面に手垢等の汚れがないか,1,TRUE,TRUE
Q092,HOTスタジオ,5,Q,温湿度計は設置されているか,1,TRUE,TRUE
Q093,HOTスタジオ,6,C,ストーブ内部、隙間等に汚れや埃はないか,1,TRUE,TRUE
Q094,HOTスタジオ,7,C,ナノフィールのフィルター部分の汚れ、上部や羽に埃はないか,1,TRUE,TRUE
Q095,HOTスタジオ,8,Ｑ,ナノフィールは床・壁に固定されているか,1,TRUE,TRUE
Q096,HOTスタジオ,9,Ｃ,内履き用のシューズ置き場に汚れや埃はないか,1,TRUE,TRUE
Q097,HOTスタジオ,10,Q,清掃用具はフックで吊るしてあるか（もしくは倉庫内に片付けられているか）,1,TRUE,TRUE
Q098,HOTスタジオ,11,C,エアコンの羽･フィルター、換気扇等に埃は溜まっていないか,1,TRUE,TRUE
Q099,HOTスタジオ,12,Q,ストレッチマット、ラック、ステップ台等のツールに破損はないか,1,TRUE,TRUE
Q100,HOTスタジオ,13,C,音響設備、ラック、ステップ台下等に汚れや埃が溜まっていないか,1,TRUE,TRUE
Q101,HOTスタジオ,14,Q,蛍光灯/照明は切れていないか、間引きは適正か,1,TRUE,TRUE
Q102,HOTスタジオ,15,C,蛍光灯/照明内に埃や汚れ、虫の死骸がないか,1,TRUE,TRUE
Q103,HOTスタジオ,16,Q,備品倉庫は整理整頓され、TOPＳが取り入れられているか,1,TRUE,TRUE
Q104,セッションルーム,1,C,扉の手垢、ドア枠や段差に埃やゴミが溜まっていないか,1,TRUE,TRUE
Q105,セッションルーム,2,Q,床・壁は早急に対応するべき破損はないか,1,TRUE,TRUE
Q106,セッションルーム,3,C,床と壁の境目や四隅等に埃や汗染み、ゴム汚れがないか,1,TRUE,TRUE
Q107,セッションルーム,4,C,鏡の段差に埃、鏡表面に手垢等の汚れがないか,1,TRUE,TRUE
Q108,セッションルーム,5,Q,TRX/ストレッチマット/バランスボール等のツ/ルに穴や劣化や破損はないか、整理整頓されているか,1,TRUE,TRUE
Q109,セッションルーム,6,C,TRX/ストレッチマット/バランスボール等のツールに汚れや埃がないか,1,TRUE,TRUE
Q110,セッションルーム,7,Q,清掃用具はフックで吊るしてあるか（もしくは倉庫内に片付けられているか）,1,TRUE,TRUE
Q111,セッションルーム,8,Q,蛍光灯/照明は切れていないか、間引きは適正か,1,TRUE,TRUE
Q112,セッションルーム,9,C,蛍光灯/照明内に埃や汚れ、虫の死骸がないか,1,TRUE,TRUE
Q113,セッションルーム,10,C,エアコンの羽･フィルター、換気扇等に埃は溜まっていないか,1,TRUE,TRUE
Q114,セッションルーム,11,Q,備品倉庫は整理整頓され、TOPＳが取り入れられているか,1,TRUE,TRUE
Q115,セッションルーム,12,Q,温湿度計は設置されているか,1,TRUE,TRUE
Q116,プール,1,C,扉の手垢、ドア枠や段差に埃やゴミが溜まっていないか,1,TRUE,TRUE
Q117,プール,2,Q,プールサイドの床や壁に早急に対応するべき破損はないか,1,TRUE,TRUE
Q118,プール,3,C,プールサイドの床と壁の境目や四隅等に埃や汚れがないか,1,TRUE,TRUE
Q119,プール,4,Q,ビート板/ヘルパー/ブイなどのツールに劣化や破損はないか、整理整頓されているか,1,TRUE,TRUE
Q120,プール,5,C,ビート板/ヘルパー/ブイなどのツールに汚れや埃はないか,1,TRUE,TRUE
Q121,プール,6,C,オーバーフローに汚れやゴミが溜まっていないか、カビやヌメリはないか,1,TRUE,TRUE
Q122,プール,7,Q,サウナ床や壁に早急に対応するべき破損はないか,1,TRUE,TRUE
Q123,プール,8,C,サウナ･採暖室の扉やドア枠や段差に埃やゴミが溜まっていないか,1,TRUE,TRUE
Q124,プール,9,Q,サウナ･採暖室の床や壁に早急に対応するべき破損はないか,1,TRUE,TRUE
Q125,プール,10,C,サウナ･採暖室の床と壁の境目や四隅等に埃や汚れがないか、汗染みなどで汚れていない,1,TRUE,TRUE
Q126,プール,11,Q,プールサイドのジャグジーに早急に対応するべき破損はないか,1,TRUE,TRUE
Q127,プール,12,C,強制シャワー/シャワーブースのカラン部分にカビや水垢はないか、排水溝にぬめりはないか、黒かびは発生していないか,1,TRUE,TRUE
Q128,プール,13,C,手洗い場のシンクやカランにカビや水垢はないか,1,TRUE,TRUE
Q129,プール,14,C,脱水機の裏側･ホース等に汚れや埃が溜まっていないか、内側に水垢が溜まっていないか,1,TRUE,TRUE
Q130,掲示物,1,Q,規定に則った、拾得物の保管期間、最寄警察署が掲示されているか,1,TRUE,TRUE
Q131,掲示物,2,Q,インフォメーションボードの掲示物はサイズや高さが揃っているか、はみ出していないか,1,TRUE,TRUE
Q132,掲示物,3,Q,館内の避難経路図・広域避難場所の案内が掲示されているか,1,TRUE,TRUE
Q133,掲示物,4,Q,掲示物の期限は切れていないか、テープは見えていないか、ラミネートは剥がれていないか,1,TRUE,TRUE
Q134,掲示物,5,Q,ブランドの規定ロゴ・掲示用フレームのサイズ比率は適正か,1,TRUE,TRUE
Q135,掲示物,6,Q,著作権に違反する掲示物はないか（アニメや漫画のキャラクターの手書きイラストもＮＧ）,1,TRUE,TRUE
Q136,掲示物,7,Q,ガラス面へのPOP類の掲示は両面で掲示されているか（裏面が透けた状態ではないか）,1,TRUE,TRUE
Q137,掲示物,8,Q,館内掲示にダンボールや空き箱などが使われていないか,1,TRUE,TRUE
Q138,掲示物,9,Q,壁面ビジュアルやサインに重ねてPOP類を掲示していないか,1,TRUE,TRUE
Q139,館内,1,Ｃ,冷水機の飲み口･排水部分に赤カビや水垢等の汚れはないか,1,TRUE,TRUE
Q140,館内,2,Q,有線放送のチャンネルは１～８、もしくは期間限定チャンネルに設定されているか,1,TRUE,TRUE
Q141,館内,3,Q,お客様の声BOX･用紙･ボールペン、または二次元コードが設置されているか、ボールペンのインクが切れていないか,1,TRUE,TRUE
Q142,館内,4,Q,48時間以内に規定フォーマットで返答されているか、投函日･返答日が記載されているか,1,TRUE,TRUE
Q143,館内,5,Q,避難経路上に避難の妨げになるものが置かれていないか,1,TRUE,TRUE
Q144,館内,6,Q,AED/消火器はカバーが掛けられた状態で設置されているか,1,TRUE,TRUE
Q145,館内,7,Q,消火器の期限は切れていないか,1,TRUE,TRUE
Q146,館内,8,Q,消火器/消火栓、セコムボタン/ポータブルセキュリティなどの前に備品や棚などが置かれていないか,1,TRUE,TRUE
Q147,館内,9,Ｃ,AED、消火器、SECOM緊急ボタン、ポータブルセキュリティ、緊急電話、などに埃や蜘蛛の巣が付いていないか,1,TRUE,TRUE
Q148,館内,10,Ｃ,観葉植物の葉やお皿に汚れや埃が溜まっていないか、枯れていないか,1,TRUE,TRUE
Q149,館内,11,Q,サイネージはしっかり映っているか,1,TRUE,TRUE
Q150,館内,12,Ｃ,サイネージ表面･上部･裏配線等に汚れや埃はないか,1,TRUE,TRUE
Q151,館内,13,Ｃ,扇風機（ロッカールーム以外）の羽･カバー･ケーブル等、加湿空気清浄機の本体･フィルター等に汚れや埃が溜まっていないか,1,TRUE,TRUE
Q152,館内,14,Ｃ,血圧計の腕パット、コード等に汚れや埃が溜まっていないか,1,TRUE,TRUE
Q153,館内,15,Q,アメニティは補充されているか、ティッシュカバーがかけられているか,1,TRUE,TRUE
Q154,館内,16,Q,チラシケース/チラシスタンドや棚などに劣化や破損はないか,1,TRUE,TRUE
Q155,館内,17,C,チラシケース/チラシスタンドや棚などに埃や汚れはないか,1,TRUE,TRUE
Q156,館内,18,Q,ゴミ箱はフタ付きで、ゴミ袋が見えていないか,1,TRUE,TRUE
Q157,館内,19,C,ゴミ箱のフタ等に汚れや埃はないか,1,TRUE,TRUE
Q158,館内,20,C,自動販売機上部やレバー部分に汚れや埃が溜まっていないか,1,TRUE,TRUE
Q159,館内,21,Q,コンセントのプラグカバー、漏電キャップが付いているか、コードはまとめられているか,1,TRUE,TRUE
Q160,館内,22,C,プラグ、コンセントカバー、配線に汚れや埃が溜まっていないか,1,TRUE,TRUE
Q161,館内,23,Q,壁や扉等にテープ跡が残っていないか、壁紙は剥がれていないか,1,TRUE,TRUE
Q162,館内,24,C,館内掲示の表面やイーゼルに埃や汚れ、蜘蛛の巣はないか,1,TRUE,TRUE
Q163,館内,25,C,ドア枠、窓枠、警報機、スイッチカバー等の段差に汚れや埃はないか,1,TRUE,TRUE
Q164,館内,26,C,館内サイン（ブランドロゴ/注意事項など）の表面や上部などに汚れや埃はないか,1,TRUE,TRUE
Q165,館内,27,Q,避難口誘導灯は正常に作動しているか,1,TRUE,TRUE
Q166,館内,28,Q,新聞紙を留める部分等に劣化や破損はないか、テープ等で補強されていないか,1,TRUE,TRUE
Q167,館内,29,C,新聞･雑誌ラックに汚れや埃が溜まっていないか,1,TRUE,TRUE
Q168,館内,30,Q,雑誌に透明カバーがかけられているか,1,TRUE,TRUE
Q169,館内,31,C,テーブルの表面、イスの座面等に汚れや埃はないか,1,TRUE,TRUE
Q170,館内,32,Q,マッサージチェアの座面に亀裂や破れはないか、配線はまとめられているか,1,TRUE,TRUE
Q171,館内,33,C,マッサージチェアの座面･ヘッド･隙間等に汚れや埃が溜まっていないか,1,TRUE,TRUE
Q172,館内,34,C,壁掛け･天吊りテレビの表面、上部、裏配線等に汚れや埃はないか,1,TRUE,TRUE
Q173,館内,35,C,メガネケース内側や底に埃が溜まっていないか、メガネに手垢が付いていないか,1,TRUE,TRUE
Q174,館内,36,C,入会ブースの机やイスに汚れはないか、イスの脚や荷物カゴ等に埃が溜まっていないか,1,TRUE,TRUE
Q175,館内,37,C,イベントや販促のディスプレイ（水素水ボトルやプロテインなど）や展示ブースに汚れや埃はないか,1,TRUE,TRUE
Q176,館内,38,Q,お客様用の救急箱が設置されているか、また定期的に補充･点検をしているか（絆創膏/消毒液/ガーゼ/包帯/三角巾/アイスパックやコールドスプレーは必須設置、ハサミや先端が鋭利なものの常設は✕）,1,TRUE,TRUE
Q177,館内,39,Q,必須防災グッズがリストと共に設置されているか、使用推奨期限などが切れていないか、また定期的に点検をしているか,1,TRUE,TRUE
Q178,館内,40,C,荷物棚の上部･内部に汚れや埃が溜まっていないか,1,TRUE,TRUE
Q179,館内,41,C,EMSスーツやレンタルタオル等の棚に埃や汚れはないか,1,TRUE,TRUE
Q180,館内,42,C,休憩スペースのテレビ表面･上部･裏配線等に汚れや埃はないか,1,TRUE,TRUE
Q181,館内,43,Q,会議室･ミーティングルームの机やイスに破損や劣化はないか,1,TRUE,TRUE
Q182,館内,44,C,会議室･ミーティングルームの机やイスに汚れや埃はないか,1,TRUE,TRUE
Q183,館内,45,Q,会議室･ミーティングルームの床/壁に目立った破損箇所はない,1,TRUE,TRUE
Q184,館内,46,C,会議室･ミーティングルームの壁/四隅/巾木の段差/に埃や髪の毛はないか,1,TRUE,TRUE
Q185,ロッカー,1,Q,ロッカーの鍵･キーバンド･アクセサリートレイ等に破損はないか、スムーズに開くか,1,TRUE,TRUE
Q186,ロッカー,2,C,ロッカー上部･内側の溝･取っ手･アクセサリートレイ等に汚れや埃が溜まっていないか,1,TRUE,TRUE
Q187,ロッカー,3,Q,ロッカー内ハンガーは2本以上設置されているか（木製推奨）,1,TRUE,TRUE
Q188,ロッカー,4,C,契約ロッカーの上部･内側の溝･取っ手に汚れや埃が溜まっていないか,1,TRUE,TRUE
Q189,更衣室/チェンジングルーム,1,Q,更衣室内全体に不快な臭いではないか,1,TRUE,TRUE
Q190,更衣室/チェンジングルーム,2,Q,床/スノコ/壁に目立った破損箇所はない,1,TRUE,TRUE
Q191,更衣室/チェンジングルーム,3,C,壁/四隅/巾木の段差/に埃や髪の毛はないか,1,TRUE,TRUE
Q192,更衣室/チェンジングルーム,4,Q,温湿度計は最低1箇所に設置してあるか,1,TRUE,TRUE
Q193,更衣室/チェンジングルーム,5,Q,室温は25℃±1℃に保たれているか,1,TRUE,TRUE
Q194,更衣室/チェンジングルーム,6,Q,室温はHOTスタジオと温度差を抑えた24～28℃に保たれているか（湿度の目安は40～60％）,1,TRUE,TRUE
Q195,更衣室/チェンジングルーム,7,Q,室温はプールサイドと温度差を抑えた24～28℃に保たれているか（湿度の目安は40～60％）,1,TRUE,TRUE
Q196,更衣室/チェンジングルーム,8,C,エアコンの羽･フィルター、換気扇等に埃は溜まっていないか,1,TRUE,TRUE
Q197,更衣室/チェンジングルーム,9,C,ロッカールーム内の扇風機の羽･カバー･ケーブル等、加湿空気清浄機の本体･フィルター等に汚れや埃が溜まっていないか,1,TRUE,TRUE
Q198,更衣室/チェンジングルーム,10,C,ドライヤーのフィルター、吹き出し口、カゴ内部に汚れや埃が溜まっていないか、,1,TRUE,TRUE
Q199,更衣室/チェンジングルーム,11,C,洗面台の鏡は上部段差に埃、鏡表面に手垢等の汚れがないか,1,TRUE,TRUE
Q200,更衣室/チェンジングルーム,12,C,洗面ボウルに水垢や汚れがないか、洗面台下･パイプに埃が溜まっていないか,1,TRUE,TRUE
Q201,更衣室/チェンジングルーム,13,C,ハンドドライヤー（ジェットタオル）に赤カビ･水垢などの汚れはないか、フィルターに埃が溜まっていないか,1,TRUE,TRUE
Q202,更衣室/チェンジングルーム,14,Q,ハンドソープは補充されているか、JOYFITオリジナルボトルを設置しているか,1,TRUE,TRUE
Q203,更衣室/チェンジングルーム,15,Q,ハンドソープは補充されているか、業態に合ったボトルで設置しているか,1,TRUE,TRUE
Q204,更衣室/チェンジングルーム,16,Q,アメニティは補充されているか、ティッシュカバーがかけられているか,1,TRUE,TRUE
Q205,更衣室/チェンジングルーム,17,Q,清掃用具はフックで吊るしてあるか,1,TRUE,TRUE
Q206,更衣室/チェンジングルーム,18,Q,個室の床/スノコ/壁に目立った破損箇所はない,1,TRUE,TRUE
Q207,更衣室/チェンジングルーム,19,C,個室の壁/四隅/巾木の段差/スノコ下に埃や髪の毛はないか,1,TRUE,TRUE
Q208,更衣室/チェンジングルーム,20,C,個室のコーキングの段差、棚、芳香剤等に汚れや埃はないか,1,TRUE,TRUE
Q209,更衣室/チェンジングルーム,21,C,各所のドア･ドアサッシ･小窓の段差に汚れや埃が溜まっていない,1,TRUE,TRUE
Q210,更衣室/チェンジングルーム,22,Q,イス、靴べら、体重計等に破損や劣化はない,1,TRUE,TRUE
Q211,更衣室/チェンジングルーム,23,C,イス、靴べら、体重計等に汚れや埃はないか,1,TRUE,TRUE
Q212,お風呂,1,C,脱衣所の床やマット、壁の境目や四隅などに埃や髪の毛などの汚れはないか,1,TRUE,TRUE
Q213,お風呂,2,C,脱衣棚の上部や四隅などが汚れていないか、脱衣カゴ内部に汚れはないか,1,TRUE,TRUE
Q214,お風呂,3,C,脱衣所扉の手垢、ドア枠や段差や扉の合わせ目などに埃やゴミが溜まっていないか,1,TRUE,TRUE
Q215,お風呂,4,C,脱衣所全体に不快な臭いではないか,1,TRUE,TRUE
Q216,お風呂,5,C,脱衣所の換気扇、扇風機等に埃や汚れはないか,1,TRUE,TRUE
Q217,お風呂,6,Q,シャンプーボトルはJOYFITオリジナルの指定ボトルを使用しているか、補充されているか,1,TRUE,TRUE
Q218,お風呂,7,C,シャンプーボトルの底にぬめりはないか、ポンプ部分に黒かびや水垢はないか,1,TRUE,TRUE
Q219,お風呂,8,C,カラン部分にカビや水垢はないか,1,TRUE,TRUE
Q220,お風呂,9,C,洗い場の鏡段差、鏡表面に水垢や手垢などの汚れはないか,1,TRUE,TRUE
Q221,お風呂,10,C,シャワールームのカラン部分にカビや水垢はないか、排水溝にぬめりはないか、黒かびは発生していないか,1,TRUE,TRUE
Q222,お風呂,11,Q,シャワーの水が出る時間は13秒±1以内か（もしくは15秒±1）,1,TRUE,TRUE
Q223,お風呂,12,Q,お風呂床に目立った破損箇所はない,1,TRUE,TRUE
Q224,お風呂,13,C,お風呂床に汚れやカビ、ぬめりはないか,1,TRUE,TRUE
Q225,お風呂,14,C,ドレインの排水部分に汚れやカビ、ヌメリはないか,1,TRUE,TRUE
Q226,お風呂,15,C,オーバーフローの排水部分に汚れやカビ、ヌメリはないか,1,TRUE,TRUE
Q227,お風呂,16,Q,サウナ床や壁に早急に対応するべき破損はないか,1,TRUE,TRUE
Q228,お風呂,17,C,サウナ床と壁の境目や四隅等に埃や汚れがないか、汗染みなどで汚れていない,1,TRUE,TRUE
Q229,お風呂,18,C,サウナマットやビート板は汚れていないか,1,TRUE,TRUE
Q230,シャワールーム,1,Q,脱衣スペースの床/スノコ/壁に目立った破損箇所はない,1,TRUE,TRUE
Q231,シャワールーム,2,C,脱衣スペースの壁/四隅/巾木の段差/スノコ下に埃や髪の毛が溜まっていないか,1,TRUE,TRUE
Q232,シャワールーム,3,C,シャワールーム内の床･棚･扉･カラン･ゴムパッキン･排水溝･照明･換気口等に汚れが溜まっていないか,1,TRUE,TRUE
Q233,シャワールーム,4,Q,シャワーの水が出る時間は13秒±1以内か（もしくは15秒±1）,1,TRUE,TRUE
Q234,シャワールーム,5,Q,シャンプーボトルはJOYFITオリジナルの指定ボトルを使用しているか、補充されているか,1,TRUE,TRUE
Q235,シャワールーム,6,C,シャンプーボトルの底にぬめりはないか、ポンプ部分に黒かびや水垢はないか,1,TRUE,TRUE
Q236,トイレ,1,Q,スリッパはほつれ等の劣化や破損はしていない,1,TRUE,TRUE
Q237,トイレ,2,Q,床/壁に早急に対応するべき破損はないか,1,TRUE,TRUE
Q238,トイレ,3,C,床と壁の境目や四隅などに埃、床や壁に尿とび等の汚れがないか,1,TRUE,TRUE
Q239,トイレ,4,C,便座裏･ふち裏･ノズル･赤カビ･目皿溝･流水溝･排水溝等は汚れていない,1,TRUE,TRUE
Q240,トイレ,5,C,ペーパーホルダーに汚れや紙粉が溜まっていないか,1,TRUE,TRUE
Q241,トイレ,6,Q,トイレットペーパーはケースに入れ、予備が設置されているか,1,TRUE,TRUE
Q242,トイレ,7,C,洗面ボウルに水垢や汚れがないか、洗面台下･パイプに埃が溜まっていないか,1,TRUE,TRUE
Q243,トイレ,8,C,ハンドドライヤー（ジェットタオル）に赤カビ･水垢などの汚れはないか、フィルターに埃が溜まっていないか,1,TRUE,TRUE
Q244,トイレ,9,Q,ハンドソープは補充されているか、業態に合ったボトルで設置しているか,1,TRUE,TRUE
Q245,トイレ,10,C,換気扇等に埃は溜まっていないか,1,TRUE,TRUE
Q246,トイレ,11,Q,トイレ全体は不快な臭いではないか,1,TRUE,TRUE
Q247,事務所,1,Q,HACCPに基づいた衛生管理シートを使用し、水素水サーバーの衛生管理が行われているか（事務所）,1,TRUE,TRUE
Q248,事務所,2,Q,HACCPに基づいた衛生管理シートを使用し、プロテインサーバーの衛生管理が行われているか（事務所）,1,TRUE,TRUE
Q249,事務所,3,Q,事務所内は整理整頓されTOPＳが取り入れられているか、私物が放置されていたり、私用の携帯電話を充電をしていないか,1,TRUE,TRUE
Q250,事務所,4,Q,年間会員動向･計画はスタッフの見えるところに掲示され、毎月更新されているか,1,TRUE,TRUE
Q251,事務所,5,Q,業者一覧（連絡先）はスタッフの見えるところに掲示されているか、,1,TRUE,TRUE
Q252,事務所,6,Q,エリア内の社員連絡先一覧はスタッフの見えるところに掲示されているか,1,TRUE,TRUE
Q253,事務所,7,Q,ノベルティや備品の在庫をしっかり管理できているか、在庫数が見える化されているか,1,TRUE,TRUE
Q254,事務所,8,Q,マシンメンテナンス表を活用できているか,1,TRUE,TRUE
Q255,事務所,9,Q,館内清掃チェック表は漏れなくチェック出来ているか,1,TRUE,TRUE
Q256,事務所,10,Q,塩素チェック表は5～6回/日、漏れなくチェック出来ているか,1,TRUE,TRUE
Q257,事務所,11,Q,塩素濃度は計測毎、基準内（0.4～1.0ml）を保たれているか,1,TRUE,TRUE
Q258,事務所,12,Q,救命救急/消防訓練は2回/年以上、実施できているか,1,TRUE,TRUE
Q259,事務所,13,Q,店舗スタッフMTは１回/月以上、実施できているか,1,TRUE,TRUE
Q260,事務所,14,Q,会社の経営理念･事業理念などを唱和しているか、または確認しているか,1,TRUE,TRUE
Q261,事務所,15,C,洗濯機の外側･ホース･ドラムの内側･ゴミ取りネット等に汚れや埃が溜まっていないか,1,TRUE,TRUE
Q262,事務所,16,C,掃除機ヘッド、ブラシ等に汚れや埃が溜まっていないか,1,TRUE,TRUE
Q263,事務所,17,Q,バックヤードは整理整頓され、TOPＳが取り入れられているか,1,TRUE,TRUE
Q264,事務所,18,Q,共通デスクは整理整頓され、不要物が出しっぱなしになっていないか,1,TRUE,TRUE
Q265,事務所,19,C,PC画面･配線等に埃が溜まっていないか,1,TRUE,TRUE
Q266,事務所,20,C,神棚上部･神棚前･榊等に汚れや埃が溜まっていないか,1,TRUE,TRUE
Q267,事務所,21,Q,カシオPCに目隠しシートが貼られているか,1,TRUE,TRUE
Q268,事務所,22,Q,共有事項（業務･お問い合わせ･見学など）は共有されているか,1,TRUE,TRUE
Q269,事務所,23,Q,個人情報書類は鍵が付いた書棚等に保管されているか,1,TRUE,TRUE
Q270,事務所,24,Q,店舗ホームページには最新の情報が掲載されているか（ノースタッフデー、入会ＣＰなど）,1,TRUE,TRUE
Q271,スタッフ,1,S,ジム担当はジム巡回をしているか,1,TRUE,TRUE
Q272,スタッフ,2,S,スタッフはフロント（レセプション）や事務所に必要以上に溜まっていないか,1,TRUE,TRUE
Q273,スタッフ,3,S,お客様への言葉遣いは敬語を使っているか,1,TRUE,TRUE
Q274,スタッフ,4,S,スタッフ同士は丁寧語な言葉遣いで会話をしているか、あだ名で呼び合っていないか,1,TRUE,TRUE
Q275,スタッフ,5,S,お客様へ挨拶が出来ているか、正対してたら◎,1,TRUE,TRUE
Q276,スタッフ,6,S,指定のユニフォームを着用しているか、ルールに基づいてユニフォームを着用しているか,1,TRUE,TRUE
Q277,スタッフ,7,S,条件反射：すみません/入会したい/退会したい/会員です/求人広告見た,1,TRUE,TRUE
Q278,スタッフ,8,S,電話応対：第一声はラの音で、右手にペン･左手に受話器、ワンコール以内で取る,1,TRUE,TRUE
Q279,スタッフ,9,S,電話応対：第一声はラの音で、右手にペン･左手に受話器、ワンコール以内で取る または お客様や外部の方へ電話を掛ける際、先に名乗っているか,1,TRUE,TRUE
Q280,スタッフ,10,S,定期的に店舗内でのCS研修を実施しているか,1,TRUE,TRUE
Q281,スタッフ,11,S,出勤時にアピアランスルールに基づき、身だしなみチェックができているか、また守られているか,1,TRUE,TRUE
Q282,オプションサービス,1,C,水素水サーバー内部にヌメリや赤カビや水垢、カルキ汚れ等はないか,1,TRUE,TRUE
Q283,オプションサービス,2,C,プロテインサーバー内部にヌメリや赤カビや水垢、カルキ汚れ等はないか,1,TRUE,TRUE
Q284,オプションサービス,3,Q,タンニング/コラーゲンのライトは切れていないか、正常に使えるか,1,TRUE,TRUE
Q285,オプションサービス,4,C,タンニング/コラーゲンマシン上部の埃、内部のオイル染み等の汚れはないか,1,TRUE,TRUE
Q286,オプションサービス,5,C,タンニング/コラーゲンゾーンのマシン裏、壁、床、脱衣用カゴ等に汚れや埃が溜まっていないか,1,TRUE,TRUE
Q287,オプションサービス,6,C,オプションルーム内に埃や汚れはないか,1,TRUE,TRUE
Q288,オプションサービス,7,C,オプションルーム内のエアコンの羽･フィルター、換気扇等に埃は溜まっていないか,1,TRUE,TRUE
Q289,オプションサービス,8,C,オプションサービス（Inbody、ボディープランナー、エステマシン、リフォーマーなど）の本体、棚･ラックなどに埃や汚れはないか。,1,TRUE,TRUE
Q290,オプションサービス,9,C,プレミアムルーム内に埃や汚れはないか,1,TRUE,TRUE
Q291,オプションサービス,10,C,プレミアムルーム内のエアコンの羽･フィルター、換気扇等に埃は溜まっていないか,1,TRUE,TRUE
Q292,オプションサービス,11,C,シャワールーム内の床･棚･扉･カラン･ゴムパッキン･排水溝･照明･換気口等に汚れが溜まっていないか,1,TRUE,TRUE
Q293,オプションサービス,12,Q,シャワーの水が出る時間は１３秒±１以内か（もしくは１５秒±１）,1,TRUE,TRUE
Q294,観覧･休憩スペース,1,C,窓ガラスは1回/日以上、清掃されているか,1,TRUE,TRUE
Q295,観覧･休憩スペース,2,C,自動販売機上部やレバー部分に汚れや埃が溜まっていないか,1,TRUE,TRUE
Q296,観覧･休憩スペース,3,Q,テーブルやイスに破損や劣化はないか,1,TRUE,TRUE
Q297,観覧･休憩スペース,4,C,テーブルの表面、イスの座面等に汚れや埃はないか,1,TRUE,TRUE
Q298,観覧･休憩スペース,5,Q,床/壁に目立った破損箇所はない,1,TRUE,TRUE
Q299,観覧･休憩スペース,6,C,壁/四隅/巾木の段差/に埃や髪の毛はないか,1,TRUE,TRUE